<?xml version="1.0" encoding="UTF-8"?>
<project-private xmlns="http://www.netbeans.org/ns/project-private/1">
    <editor-bookmarks xmlns="http://www.netbeans.org/ns/editor-bookmarks/2" lastBookmarkId="0"/>
    <open-files xmlns="http://www.netbeans.org/ns/projectui-open-files/2">
        <group>
            <file>file:/C:/Users/rocio/OneDrive/Documentos/NetBeansProjects/hospitalito/web/consulta.jsp</file>
            <file>file:/C:/Users/rocio/OneDrive/Documentos/NetBeansProjects/hospitalito/web/consultaDetalles.jsp</file>
            <file>file:/C:/Users/rocio/OneDrive/Documentos/NetBeansProjects/hospitalito/web/index.html</file>
            <file>file:/C:/Users/rocio/OneDrive/Documentos/NetBeansProjects/hospitalito/src/java/paquetito/consulta.java</file>
            <file>file:/C:/Users/rocio/OneDrive/Documentos/NetBeansProjects/hospitalito/web/css/styles.css</file>
            <file>file:/C:/Users/rocio/OneDrive/Documentos/NetBeansProjects/hospitalito/web/css/consulta.css</file>
        </group>
    </open-files>
</project-private>
